,index,Entry,Date,Infected,Deaths,Recoveries
0,0,0,2020-02-25,16,0,14.0
1,1,1,2020-02-26,21,0,15.0
2,2,2,2020-02-27,26,0,16.0
3,3,3,2020-02-28,53,0,16.0
4,4,4,2020-02-29,66,0,16.0
5,5,5,2020-03-01,117,0,16.0
6,6,6,2020-03-02,150,0,16.0
7,7,7,2020-03-03,188,0,16.0
8,8,8,2020-03-04,240,0,16.0
9,9,9,2020-03-05,349,0,16.0
10,10,10,2020-03-06,534,0,17.0
11,11,11,2020-03-07,684,0,18.0
12,12,12,2020-03-08,847,0,18.0
13,13,13,2020-03-09,1112,2,18.0
14,14,14,2020-03-10,1296,2,18.0
15,15,15,2020-03-11,1567,3,25.0
16,16,16,2020-03-12,2369,5,25.0
17,17,17,2020-03-13,3062,5,46.0
18,18,18,2020-03-14,3795,8,46.0
19,19,19,2020-03-15,4838,12,46.0
20,20,20,2020-03-16,6012,12,67.0
21,21,21,2020-03-17,7156,12,67.0
22,22,22,2020-03-18,8198,12,105.0
23,23,23,2020-03-19,10999,20,113.0
24,24,24,2020-03-20,13957,31,180.0
25,25,25,2020-03-21,16662,47,233.0
26,26,26,2020-03-22,18610,55,266.0
27,27,27,2020-03-23,22672,86,266.0
28,28,28,2020-03-24,27436,114,3243.0
29,29,29,2020-03-25,31554,149,3547.0
30,30,30,2020-03-26,36508,198,5673.0
31,31,31,2020-03-27,42288,253,6658.0
32,32,32,2020-03-28,48582,325,8481.0
33,33,33,2020-03-29,52547,389,9211.0
34,34,34,2020-03-30,57298,455,13500.0
35,35,35,2020-03-31,61913,583,16100.0
36,36,36,2020-04-01,67366,732,18700.0
37,37,37,2020-04-02,73522,872,22440.0
38,38,38,2020-04-03,79696,1017,24575.0
39,39,39,2020-04-04,85778,1158,26400.0
40,40,40,2020-04-05,91714,1342,28700.0
41,41,41,2020-04-06,95391,1434,28700.0
42,42,42,2020-04-07,99225,1607,36081.0
43,43,43,2020-04-08,103228,1861,46300.0
44,44,44,2020-04-09,108202,2107,52407.0
45,45,45,2020-04-10,113525,2373,53913.0
46,46,46,2020-04-11,117658,2544,57400.0
47,47,47,2020-04-12,120479,2673,60300.0
48,48,48,2020-04-13,123016,2799,64300.0
49,49,49,2020-04-14,125098,2969,68200.0
50,50,50,2020-04-15,127584,3254,72600.0
51,51,51,2020-04-16,130450,3569,77000.0
52,52,52,2020-04-17,133830,3868,83114.0
53,53,53,2020-04-18,137439,4110,85400.0
54,54,54,2020-04-19,139897,4294,88000.0
55,55,55,2020-04-20,141672,4404,91500.0
56,56,56,2020-04-21,143457,4598,95200.0
57,57,57,2020-04-22,145694,4879,99400.0
58,58,58,2020-04-23,148046,5094,103300.0
59,59,59,2020-04-24,150383,5321,109800.0
60,60,60,2020-04-25,152438,5500,109800.0
61,61,61,2020-04-26,154175,5640,112000.0
62,62,62,2020-04-27,155193,5750,114500.0
63,63,63,2020-04-28,156337,5913,117400.0
64,64,64,2020-04-29,157641,6115,120400.0
65,65,65,2020-04-30,159119,6288,123500.0
66,66,66,2020-05-01,160758,6481,126900.0
67,67,67,2020-05-02,161703,6575,129000.0
68,68,68,2020-05-03,162496,6649,130600.0
69,69,69,2020-05-04,163175,6692,132700.0
70,70,70,2020-05-05,163860,6831,135100.0
71,71,71,2020-05-06,164807,6996,139900.0
72,72,72,2020-05-07,166091,7119,141700.0
73,73,73,2020-05-08,167300,7266,141700.0
74,74,74,2020-05-09,168551,7369,143300.0
75,75,75,2020-05-10,169218,7395,144400.0
76,76,76,2020-05-11,169575,7417,145617.0
77,77,77,2020-05-12,170508,7533,147200.0
78,78,78,2020-05-13,171306,7634,148700.0
79,79,79,2020-05-14,172239,7723,150300.0
80,80,80,2020-05-15,173152,7824,151597.0
81,81,81,2020-05-16,173772,7881,152600.0
82,82,82,2020-05-17,174355,7914,154011.0
83,83,83,2020-05-18,174697,7935,155041.0
84,84,84,2020-05-19,175210,8007,155681.0
85,85,85,2020-05-20,176007,8090,156966.0
86,86,86,2020-05-21,176752,8147,158087.0
87,87,87,2020-05-22,177212,8174,159064.0
88,88,88,2020-05-23,177850,8216,159716.0
89,89,89,2020-05-24,178281,8247,160281.0
90,90,90,2020-05-25,178570,8257,161199.0
91,91,91,2020-05-26,179002,8302,161967.0
92,92,92,2020-05-27,179364,8349,162820.0
93,93,93,2020-05-28,179717,8411,163360.0
94,94,94,2020-05-29,180458,8450,164245.0
95,95,95,2020-05-30,181196,8489,164908.0
96,96,96,2020-05-31,181482,8500,165352.0
97,97,97,2020-06-01,181815,8511,165632.0
98,98,98,2020-06-02,182028,8522,166609.0
99,99,99,2020-06-03,182370,8551,167453.0
100,100,100,2020-06-04,182764,8581,167909.0
101,101,101,2020-06-05,183271,8613,168480.0
102,102,102,2020-06-06,183678,8646,168958.0
103,103,103,2020-06-07,183979,8668,169224.0
104,104,104,2020-06-08,184193,8674,169556.0
105,105,105,2020-06-09,184543,8711,170129.0
106,106,106,2020-06-10,184861,8729,170630.0
107,107,107,2020-06-11,185416,8755,170961.0
108,108,108,2020-06-12,185674,8763,171535.0
109,109,109,2020-06-13,186022,8781,171970.0
110,110,110,2020-06-14,186269,8787,172089.0
111,111,111,2020-06-15,186461,8791,172692.0
112,112,112,2020-06-16,186839,8800,172842.0
113,113,113,2020-06-17,187184,8830,173599.0
114,114,114,2020-06-18,187764,8856,173847.0
115,115,115,2020-06-19,188534,8872,173972.0
116,116,116,2020-06-20,189135,8883,174609.0
117,117,117,2020-06-21,189822,8882,174740.0
118,118,118,2020-06-22,190359,8885,175143.0
119,119,119,2020-06-23,190862,8895,175825.0
120,120,120,2020-06-24,191449,8914,176422.0
121,121,121,2020-06-25,192079,8927,176764.0
122,122,122,2020-06-26,192556,8948,177149.0
123,123,123,2020-06-27,193243,8954,177518.0
124,124,124,2020-06-28,193499,8957,177657.0
125,125,125,2020-06-29,193761,8961,177770.0
126,126,126,2020-06-30,194259,8973,178100.0
127,127,127,2020-07-01,194725,8985,179100.0
128,128,128,2020-07-02,195228,8994,179800.0
129,129,129,2020-07-03,195674,9003,180300.0
130,130,130,2020-07-04,196096,9010,181000.0
131,131,131,2020-07-05,196335,9012,181719.0
132,132,132,2020-07-06,196554,9016,182160.0
133,133,133,2020-07-07,196944,9024,182661.0
134,134,134,2020-07-08,197341,9036,183153.0
135,135,135,2020-07-09,197783,9048,183728.0
136,136,136,2020-07-10,198178,9054,184028.0
137,137,137,2020-07-11,198556,9060,184266.0
138,138,138,2020-07-12,198804,9063,184414.0
139,139,139,2020-07-13,198963,9064,185100.0
140,140,140,2020-07-14,199375,9068,185100.0
141,141,141,2020-07-15,199726,9071,186000.0
142,142,142,2020-07-16,200260,9078,186400.0
143,143,143,2020-07-17,200843,9082,186900.0
144,144,144,2020-07-18,201372,9083,187200.0
145,145,145,2020-07-19,201574,9084,187400.0
146,146,146,2020-07-20,201823,9086,188070.0
147,147,147,2020-07-21,202345,9090,188221.0
148,148,148,2020-07-22,202799,9095,188628.0
149,149,149,2020-07-23,203368,9101,189140.0
150,150,150,2020-07-24,204183,9111,189696.0
151,151,151,2020-07-25,204964,9118,189919.0
152,152,152,2020-07-26,205269,9118,190055.0
153,153,153,2020-07-27,205609,9118,190314.0
154,154,154,2020-07-28,206242,9122,190711.0
155,155,155,2020-07-29,206926,9128,191279.0
156,156,156,2020-07-30,207828,9134,191551.0
157,157,157,2020-07-31,208698,9141,191992.0
158,158,158,2020-08-01,209653,9148,192636.0
159,159,159,2020-08-02,209893,9141,192908.0
160,160,160,2020-08-03,210402,9148,193594.0
161,161,161,2020-08-04,211281,9156,194173.0
162,162,162,2020-08-05,212022,9168,194568.0
163,163,163,2020-08-06,213067,9175,195281.0
164,164,164,2020-08-07,214214,9183,195935.0
165,165,165,2020-08-08,215336,9195,196550.0
166,166,166,2020-08-09,215891,9196,196783.0
167,167,167,2020-08-10,216327,9197,197382.0
168,168,168,2020-08-11,217293,9201,198347.0
169,169,169,2020-08-12,218519,9207,198991.0
170,170,170,2020-08-13,219964,9211,199654.0
171,171,171,2020-08-14,221413,9225,200440.0
172,172,172,2020-08-15,222828,9231,200756.0
173,173,173,2020-08-16,223453,9231,201187.0
174,174,174,2020-08-17,224014,9232,202249.0
175,175,175,2020-08-18,225404,9236,203677.0
176,176,176,2020-08-19,226914,9243,204454.0
177,177,177,2020-08-20,228621,9253,205359.0
178,178,178,2020-08-21,230048,9260,206656.0
179,179,179,2020-08-22,232082,9267,207606.0
180,180,180,2020-08-23,232864,9269,207985.0
181,181,181,2020-08-24,233575,9272,208653.0
182,182,182,2020-08-25,234853,9277,210333.0
183,183,183,2020-08-26,236429,9280,211691.0
184,184,184,2020-08-27,237936,9285,212909.0
185,185,185,2020-08-28,239507,9288,214186.0
186,186,186,2020-08-29,240986,9289,214790.0
187,187,187,2020-08-30,241771,9295,215283.0
188,188,188,2020-08-31,242381,9298,216795.0
189,189,189,2020-09-01,243599,9302,218403.0
190,190,190,2020-09-02,244855,9313,219904.0
191,191,191,2020-09-03,246166,9321,221525.0
192,192,192,2020-09-04,247619,9322,222802.0
193,193,193,2020-09-05,248997,9324,223570.0
194,194,194,2020-09-06,249985,9325,224215.0
195,195,195,2020-09-07,250799,9325,225704.0
196,196,196,2020-09-08,252298,9329,227379.0
197,197,197,2020-09-09,253474,9338,228784.0
198,198,198,2020-09-10,255366,9341,230283.0
199,199,199,2020-09-11,256850,9342,231349.0
200,200,200,2020-09-12,258480,9347,231953.0
201,201,201,2020-09-13,259428,9349,232541.0
202,202,202,2020-09-14,260355,9350,234017.0
203,203,203,2020-09-15,261762,9362,235112.0
204,204,204,2020-09-16,263663,9368,236623.0
205,205,205,2020-09-17,265857,9371,238437.0
206,206,206,2020-09-18,267773,9378,239654.0
207,207,207,2020-09-19,270070,9384,240510.0
208,208,208,2020-09-20,271415,9386,241192.0
209,209,209,2020-09-21,272337,9386,242656.0
210,210,210,2020-09-22,274158,9396,244693.0
211,211,211,2020-09-23,275927,9409,245706.0
212,212,212,2020-09-24,278070,9428,247766.0
213,213,213,2020-09-25,280223,9443,249164.0
214,214,214,2020-09-26,282730,9452,250104.0
215,215,215,2020-09-27,284140,9457,250866.0
216,216,216,2020-09-28,285332,9460,252693.0
217,217,217,2020-09-29,287421,9471,255212.0
218,218,218,2020-09-30,289219,9488,256861.0
219,219,219,2020-10-01,291722,9500,258220.0
220,220,220,2020-10-02,294395,9508,259722.0
221,221,221,2020-10-03,296958,9527,260916.0
222,222,222,2020-10-04,299237,9529,262002.0
223,223,223,2020-10-05,300619,9534,265624.0
224,224,224,2020-10-06,303258,9546,267747.0
225,225,225,2020-10-07,306086,9562,269722.0
226,226,226,2020-10-08,310144,9578,271960.0
227,227,227,2020-10-09,314660,9589,273718.0
228,228,228,2020-10-10,319381,9604,274934.0
229,229,229,2020-10-11,322864,9615,276983.0
230,230,230,2020-10-12,325331,9621,278391.0
231,231,231,2020-10-13,329453,9634,280533.0
232,232,232,2020-10-14,334585,9677,283656.0
233,233,233,2020-10-15,341223,9710,286137.0
234,234,234,2020-10-16,348557,9734,289027.0
235,235,235,2020-10-17,356387,9767,291129.0
236,236,236,2020-10-18,361974,9777,293447.0
237,237,237,2020-10-19,366299,9789,296672.0
238,238,238,2020-10-20,373167,9836,299743.0
239,239,239,2020-10-21,380762,9875,304173.0
240,240,240,2020-10-22,392049,9905,308779.0
241,241,241,2020-10-23,403291,9954,312347.0
242,242,242,2020-10-24,418005,10003,316124.0
243,243,243,2020-10-25,429181,10032,320004.0
244,244,244,2020-10-26,437866,10056,325052.0
245,245,245,2020-10-27,449275,10098,327697.0
246,246,246,2020-10-28,464239,10183,336764.0
247,247,247,2020-10-29,481013,10272,340436.0
248,248,248,2020-10-30,499694,10349,351921.0
249,249,249,2020-10-31,518753,10452,356410.0
250,250,250,2020-11-01,532930,10481,363545.0
251,251,251,2020-11-02,545027,10530,372499.0
252,252,252,2020-11-03,560379,10661,373391.0
253,253,253,2020-11-04,577593,10812,384012.0
254,254,254,2020-11-05,597583,10930,394616.0
255,255,255,2020-11-06,619089,11096,405809.0
256,256,256,2020-11-07,642488,11226,413484.0
257,257,257,2020-11-08,658505,11289,421151.0
258,258,258,2020-11-09,671868,11352,443621.0
259,259,259,2020-11-10,687200,11506,446402.0
260,260,260,2020-11-11,705687,11767,460504.0
261,261,261,2020-11-12,727553,11982,474208.0
262,262,262,2020-11-13,751095,12200,487913.0
263,263,263,2020-11-14,773556,12378,498996.0
264,264,264,2020-11-15,790503,12485,505714.0
265,265,265,2020-11-16,801327,12547,522313.0
266,266,266,2020-11-17,815746,12814,537347.0
267,267,267,2020-11-18,833307,13119,554272.0
268,268,268,2020-11-19,855916,13370,570961.0
269,269,269,2020-11-20,879564,13630,587780.0
270,270,270,2020-11-21,902528,13884,600991.0
271,271,271,2020-11-22,918269,14022,611627.0
272,272,272,2020-11-23,929133,14112,630375.0
273,273,273,2020-11-24,942687,14361,649070.0
274,274,274,2020-11-25,961320,14771,666373.0
275,275,275,2020-11-26,983588,15160,685537.0
276,276,276,2020-11-27,1006394,15586,705213.0
277,277,277,2020-11-28,1028089,15965,718604.0
278,278,278,2020-11-29,1042700,16123,730797.0
279,279,279,2020-11-30,1053869,16248,749219.0
280,280,280,2020-12-01,1067473,16636,769380.0
281,281,281,2020-12-02,1084743,17123,789564.0
282,282,282,2020-12-03,1106789,17602,811091.0
283,283,283,2020-12-04,1130238,18034,831935.0
284,284,284,2020-12-05,1153556,18517,852580.0
285,285,285,2020-12-06,1171323,18772,868285.0
286,286,286,2020-12-07,1183655,18919,888701.0
287,287,287,2020-12-08,1197709,19342,909058.0
288,288,288,2020-12-09,1218524,19932,929272.0
289,289,289,2020-12-10,1242203,20372,949913.0
290,290,290,2020-12-11,1272078,20970,966238.0
291,291,291,2020-12-12,1300516,21466,975931.0
292,292,292,2020-12-13,1320716,21787,990707.0
293,293,293,2020-12-14,1337078,21975,1012077.0
294,294,294,2020-12-15,1351510,22475,1031721.0
295,295,295,2020-12-16,1379238,23427,1056477.0
296,296,296,2020-12-17,1406161,24125,1078944.0
297,297,297,2020-12-18,1439938,24938,1095982.0
298,298,298,2020-12-19,1471238,25640,1107115.0
299,299,299,2020-12-20,1494009,26049,1123725.0
300,300,300,2020-12-21,1510652,26275,1147943.0
301,301,301,2020-12-22,1530180,27006,1171444.0
302,302,302,2020-12-23,1554920,27968,1197472.0
303,303,303,2020-12-24,1587115,28770,1220277.0
304,304,304,2020-12-25,1612648,29182,1235968.0
305,305,305,2020-12-26,1627103,29422,1253285.0
306,306,306,2020-12-27,1640858,29778,1272032.0
307,307,307,2020-12-28,1651834,30126,1294932.0
308,308,308,2020-12-29,1664726,30978,1319757.0
309,309,309,2020-12-30,1687185,32107,1345952.0
310,310,310,2020-12-31,1719737,33071,1350708.0
311,311,311,2021-01-01,1742661,33624,1388744.0
312,312,312,2021-01-02,1755351,33960,1400810.0
313,313,313,2021-01-03,1765666,34272,1422151.0
314,314,314,2021-01-04,1775513,34574,1445442.0
315,315,315,2021-01-05,1787410,35518,1472311.0
316,316,316,2021-01-06,1808647,36537,1496182.0
317,317,317,2021-01-07,1835038,37607,1517019.0
318,318,318,2021-01-08,1866887,38795,1533143.0
319,319,319,2021-01-09,1891581,39878,1546206.0
320,320,320,2021-01-10,1908527,40343,1566907.0
321,321,321,2021-01-11,1921024,40686,1590171.0
322,322,322,2021-01-12,1933826,41577,1616761.0
323,323,323,2021-01-13,1953426,42637,1640682.0
324,324,324,2021-01-14,1978590,43881,1661394.0
325,325,325,2021-01-15,2000958,44994,1664176.0
326,326,326,2021-01-16,2019636,45974,1680479.0
327,327,327,2021-01-17,2033518,46419,1709540.0
328,328,328,2021-01-18,2040659,46633,1713196.0
329,329,329,2021-01-19,2052028,47622,1757713.0
330,330,330,2021-01-20,2068002,48770,1778319.0
331,331,331,2021-01-21,2088400,49783,1797648.0
332,332,332,2021-01-22,2106262,50642,1813894.0
333,333,333,2021-01-23,2122679,51521,1826161.0
334,334,334,2021-01-24,2134936,51870,1840970.0
335,335,335,2021-01-25,2141665,52087,1859936.0
336,336,336,2021-01-26,2148077,52990,1881933.0
337,337,337,2021-01-27,2161275,53972,1881933.0
338,338,338,2021-01-28,2178828,54913,1915501.0
339,339,339,2021-01-29,2192850,55752,1917964.0
340,340,340,2021-01-30,2205171,56546,1938929.0
341,341,341,2021-01-31,2216363,56945,1940046.0
342,342,342,2021-02-01,2221971,57120,1967132.0
343,343,343,2021-02-02,2228085,57981,1986214.0
344,344,344,2021-02-03,2237790,58956,2003831.0
345,345,345,2021-02-04,2252001,59742,2020303.0
346,346,346,2021-02-05,2264909,60597,2033168.0
347,347,347,2021-02-06,2275394,61286,2041988.0
348,348,348,2021-02-07,2284010,61517,2052656.0
349,349,349,2021-02-08,2288545,61675,2054340.0
350,350,350,2021-02-09,2291924,62156,2081966.0
351,351,351,2021-02-10,2299996,62969,2096775.0
352,352,352,2021-02-11,2310233,63635,2109508.0
353,353,353,2021-02-12,2320093,64191,2120342.0
354,354,354,2021-02-13,2328447,64742,2128002.0
355,355,355,2021-02-14,2334561,64960,2136933.0
356,356,356,2021-02-15,2338987,65076,2148269.0
357,357,357,2021-02-16,2342843,65604,2161100.0
358,358,358,2021-02-17,2350399,66164,2172312.0
359,359,359,2021-02-18,2360606,66698,2182370.0
360,360,360,2021-02-19,2369719,67206,2191208.0
361,361,361,2021-02-20,2378883,67696,2197065.0
362,362,362,2021-02-21,2386559,67841,2204110.0
363,363,363,2021-02-22,2390928,67903,2212439.0
364,364,364,2021-02-23,2394811,68318,2221972.0
365,365,365,2021-02-24,2402818,68740,2231073.0
366,366,366,2021-02-25,2414687,69125,2232050.0
367,367,367,2021-02-26,2424684,69519,2247173.0
368,368,368,2021-02-27,2434446,69888,2252970.0
369,369,369,2021-02-28,2442336,70045,2259548.0
370,370,370,2021-03-01,2447068,70105,2260719.0
371,371,371,2021-03-02,2451011,70463,2277626.0
372,372,372,2021-03-03,2460030,70881,2286728.0
373,373,373,2021-03-04,2471942,71240,2295405.0
374,374,374,2021-03-05,2482522,71504,2302899.0
375,375,375,2021-03-06,2492079,71804,2308094.0
376,376,376,2021-03-07,2500182,71900,2314400.0
377,377,377,2021-03-08,2505193,71934,2322734.0
378,378,378,2021-03-09,2509445,72189,2331890.0
379,379,379,2021-03-10,2518591,72489,2340473.0
380,380,380,2021-03-11,2532947,72810,2349384.0
381,381,381,2021-03-12,2545781,73062,2356590.0
382,382,382,2021-03-13,2558455,73301,2357374.0
383,383,383,2021-03-14,2569245,73371,2368995.0
384,384,384,2021-03-15,2575849,73418,2377584.0
385,385,385,2021-03-16,2581329,73656,2387232.0
386,386,386,2021-03-17,2594764,73905,2387743.0
387,387,387,2021-03-18,2612268,74132,2405600.0
388,388,388,2021-03-19,2629750,74358,2413584.0
389,389,389,2021-03-20,2645783,74565,2419292.0
390,390,390,2021-03-21,2659516,74664,2426700.0
391,391,391,2021-03-22,2667225,74714,2437183.0
392,392,392,2021-03-23,2674710,74964,2448828.0
393,393,393,2021-03-24,2690523,75212,2460019.0
394,394,394,2021-03-25,2713180,75440,2471558.0
395,395,395,2021-03-26,2734753,75623,2481908.0
396,396,396,2021-03-27,2755225,75780,2489198.0
397,397,397,2021-03-28,2772401,75870,2499010.0
398,398,398,2021-03-29,2782273,75913,2511417.0
399,399,399,2021-03-30,2791822,76093,2525580.0
400,400,400,2021-03-31,2808873,76342,2539660.0
401,401,401,2021-04-01,2833173,76543,2552020.0
402,402,402,2021-04-02,2855061,76775,2566530.0
403,403,403,2021-04-03,2873190,76895,2575740.0
404,404,404,2021-04-04,2885386,76963,2585850.0
405,405,405,2021-04-05,2893883,77013,2587580.0
406,406,406,2021-04-06,2900768,77103,2604890.0
407,407,407,2021-04-07,2910445,77401,2638320.0
408,408,408,2021-04-08,2930852,77707,2640300.0
409,409,409,2021-04-09,2956316,78003,2654930.0
410,410,410,2021-04-10,2980413,78249,2668910.0
411,411,411,2021-04-11,2998268,78353,2692230.0
412,412,412,2021-04-12,3011513,78452,2708320.0
413,413,413,2021-04-13,3022323,78746,2726910.0
414,414,414,2021-04-14,3044016,79088,2744940.0
415,415,415,2021-04-15,3073442,79381,2747460.0
416,416,416,2021-04-16,3099273,79628,2763260.0
417,417,417,2021-04-17,3123077,79847,2784540.0
418,418,418,2021-04-18,3142262,79914,2795080.0
419,419,419,2021-04-19,3153699,80006,2811890.0
420,420,420,2021-04-20,3163308,80303,2831440.0
421,421,421,2021-04-21,3188192,80634,2852890.0
422,422,422,2021-04-22,3217710,80893,2856510.0
423,423,423,2021-04-23,3245253,81158,2876690.0
424,424,424,2021-04-24,3268645,81444,2902900.0
425,425,425,2021-04-25,3287418,81564,2917730.0
426,426,426,2021-04-26,3299325,81624,2939900.0
427,427,427,2021-04-27,3310301,81968,2960900.0
428,428,428,2021-04-28,3332532,82280,2966590.0
429,429,429,2021-04-29,3357268,82544,2987910.0
430,430,430,2021-04-30,3381597,82850,3008640.0
431,431,431,2021-05-01,3400532,83082,3025120.0
432,432,432,2021-05-02,3416822,83192,3051730.0
433,433,433,2021-05-03,3425982,83276,3053770.0
434,434,434,2021-05-04,3433516,83591,3075230.0
435,435,435,2021-05-05,3451550,83876,3118660.0
436,436,436,2021-05-06,3473503,84126,3140330.0
437,437,437,2021-05-07,3491988,84410,3142640.0
438,438,438,2021-05-08,3507673,84648,3160630.0
439,439,439,2021-05-09,3520329,84775,3187100.0
440,440,440,2021-05-10,3527251,84829,3188710.0
441,441,441,2021-05-11,3533376,85112,3231090.0
442,442,442,2021-05-12,3548285,85380,3233630.0
443,443,443,2021-05-13,3565704,85658,3268190.0
444,444,444,2021-05-14,3577040,85848,3284300.0
445,445,445,2021-05-15,3584934,86025,3292700.0
446,446,446,2021-05-16,3593434,86096,3306260.0
447,447,447,2021-05-17,3598846,86160,3323190.0
448,448,448,2021-05-18,3603055,86381,3342350.0
449,449,449,2021-05-19,3614095,86665,3359530.0
450,450,450,2021-05-20,3626393,86902,3376100.0
451,451,451,2021-05-21,3635162,87128,3390400.0
452,452,452,2021-05-22,3642244,87298,3398700.0
453,453,453,2021-05-23,3648958,87380,3410040.0
454,454,454,2021-05-24,3651640,87423,3425380.0
455,455,455,2021-05-25,3653551,87456,3439570.0
456,456,456,2021-05-26,3656177,87726,3452290.0
457,457,457,2021-05-27,3662490,87995,3463130.0
458,458,458,2021-05-28,3669870,88187,3472650.0
459,459,459,2021-05-29,3675296,88350,3479700.0
460,460,460,2021-05-30,3679148,88406,3487850.0
461,461,461,2021-05-31,3681126,88442,3498580.0
462,462,462,2021-06-01,3682911,88595,3509660.0
463,463,463,2021-06-02,3687828,88774,3518860.0
464,464,464,2021-06-03,3692468,88940,3526110.0
465,465,465,2021-06-04,3695633,89026,3533860.0
466,466,466,2021-06-05,3697927,89148,3538290.0
467,467,467,2021-06-06,3700367,89222,3542000.0
468,468,468,2021-06-07,3701484,89244,3549820.0
469,469,469,2021-06-08,3702688,89384,3557840.0
470,470,470,2021-06-09,3705942,89491,3563140.0
471,471,471,2021-06-10,3709129,89585,3568460.0
472,472,472,2021-06-11,3711569,89687,3574000.0
473,473,473,2021-06-12,3713480,89816,3577840.0
474,474,474,2021-06-13,3714969,89834,3581340.0
475,475,475,2021-06-14,3715518,89844,3585660.0
476,476,476,2021-06-15,3716170,89937,3590610.0
477,477,477,2021-06-16,3717625,90074,3593730.0
478,478,478,2021-06-17,3718955,90179,3597940.0
479,479,479,2021-06-18,3720031,90270,3600360.0
480,480,480,2021-06-19,3721139,90369,3602150.0
481,481,481,2021-06-20,3721981,90385,3604050.0
482,482,482,2021-06-21,3722327,90395,3606150.0
483,483,483,2021-06-22,3722782,90472,3609310.0
484,484,484,2021-06-23,3723798,90523,3612840.0
485,485,485,2021-06-24,3724806,90616,3616140.0
486,486,486,2021-06-25,3725580,90678,3617470.0
487,487,487,2021-06-26,3726172,90746,3618510.0
488,488,488,2021-06-27,3726710,90754,3619010.0
489,489,489,2021-06-28,3726929,90762,3620830.0
490,490,490,2021-06-29,3727333,90819,3622220.0
491,491,491,2021-06-30,3728141,90875,3623800.0
492,492,492,2021-07-01,3729033,90938,3625010.0
493,493,493,2021-07-02,3729682,91007,3625740.0
494,494,494,2021-07-03,3730353,91023,3626610.0
495,495,495,2021-07-04,3730912,91030,3627520.0
496,496,496,2021-07-05,3731124,91031,3628600.0
497,497,497,2021-07-06,3731564,91062,3628910.0
498,498,498,2021-07-07,3732549,91110,3630340.0
499,499,499,2021-07-08,3733519,91141,3631310.0
500,500,500,2021-07-09,3734468,91190,3632230.0
501,501,501,2021-07-10,3735420,91225,3632330.0
502,502,502,2021-07-11,3736165,91231,3632930.0
503,503,503,2021-07-12,3736489,91233,3633520.0
504,504,504,2021-07-13,3737135,91259,3634550.0
505,505,505,2021-07-14,3738683,91287,3635420.0
506,506,506,2021-07-15,3740325,91319,3636120.0
507,507,507,2021-07-16,3741781,91337,3636960.0
508,508,508,2021-07-17,3743389,91359,3637480.0
509,509,509,2021-07-18,3744681,91362,3638720.0
510,510,510,2021-07-19,3745227,91363,3639640.0
511,511,511,2021-07-20,3746410,91397,3640270.0
512,512,512,2021-07-21,3748613,91416,3641100.0
513,513,513,2021-07-22,3750503,91458,3642010.0
514,514,514,2021-07-23,3752592,91492,3642120.0
515,515,515,2021-07-24,3754511,91520,3643350.0
516,516,516,2021-07-25,3755898,91524,3644560.0
517,517,517,2021-07-26,3756856,91527,3645870.0
518,518,518,2021-07-27,3758401,91565,3647240.0
519,519,519,2021-07-28,3761169,91586,3653990.0
520,520,520,2021-07-29,3764311,91607,3649670.0
521,521,521,2021-07-30,3766765,91637,3652400.0
522,522,522,2021-07-31,3769165,91658,3653150.0
523,523,523,2021-08-01,3771262,91659,3654720.0
524,524,524,2021-08-02,3772109,91660,3654950.0
525,525,525,2021-08-03,3773875,91679,3658150.0
526,526,526,2021-08-04,3777446,91704,3659260.0
527,527,527,2021-08-05,3780985,91730,3661200.0
528,528,528,2021-08-06,3784433,91754,3662700.0
529,529,529,2021-08-07,3787639,91778,3664267.0
530,530,530,2021-08-08,3790766,91782,3665834.0
531,531,531,2021-08-09,3791949,91784,3667400.0
532,532,532,2021-08-10,3794429,91803,3669600.0
533,533,533,2021-08-11,3799425,91817,3671800.0
534,534,534,2021-08-12,3805063,91834,3673700.0
535,535,535,2021-08-13,3810641,91853,3675800.0
536,536,536,2021-08-14,3816285,91864,3677867.0
537,537,537,2021-08-15,3821013,91867,3679934.0
538,538,538,2021-08-16,3823139,91871,3682000.0
539,539,539,2021-08-17,3827051,91899,3684700.0
540,540,540,2021-08-18,3835375,91921,3687600.0
541,541,541,2021-08-19,3843775,91943,3690400.0
542,542,542,2021-08-20,3853055,91956,3693400.0
543,543,543,2021-08-21,3861147,91973,3696300.0
544,544,544,2021-08-22,3868197,91976,3699200.0
545,545,545,2021-08-23,3871865,91980,3702100.0
546,546,546,2021-08-24,3877612,92022,3706200.0
547,547,547,2021-08-25,3889173,92061,3710500.0
548,548,548,2021-08-26,3901799,92082,3714400.0
549,549,549,2021-08-27,3913828,92096,3718900.0
550,550,550,2021-08-28,3924131,92118,3723234.0
551,551,551,2021-08-29,3932547,92130,3727567.0
552,552,552,2021-08-30,3937106,92140,3731900.0
553,553,553,2021-08-31,3942856,92200,3738000.0
554,554,554,2021-09-01,3956387,92223,3744600.0
555,555,555,2021-09-02,3970102,92256,3750700.0
556,556,556,2021-09-03,3984353,92301,3757600.0
557,557,557,2021-09-04,3995188,92325,3763567.0
558,558,558,2021-09-05,4005641,92346,3769534.0
559,559,559,2021-09-06,4010390,92354,3775500.0
560,560,560,2021-09-07,4017116,92413,3783800.0
561,561,561,2021-09-08,4030681,92448,3793000.0
562,562,562,2021-09-09,4046112,92498,3801500.0
563,563,563,2021-09-10,4059081,92553,3810100.0
564,564,564,2021-09-11,4070295,92598,3817334.0
565,565,565,2021-09-12,4077640,92606,3824567.0
566,566,566,2021-09-13,4083151,92618,3831800.0
567,567,567,2021-09-14,4089476,92686,3841800.0
568,568,568,2021-09-15,4101931,92769,3852900.0
569,569,569,2021-09-16,4114856,92837,3863000.0
570,570,570,2021-09-17,4125878,92857,3873700.0
571,571,571,2021-09-18,4134779,92920,3881734.0
572,572,572,2021-09-19,4142116,92958,3889767.0
573,573,573,2021-09-20,4145852,92971,3897800.0
574,574,574,2021-09-21,4150516,93052,3909300.0
575,575,575,2021-09-22,4160970,93123,3920950.0
576,576,576,2021-09-23,4171666,93238,3932600.0
577,577,577,2021-09-24,4181393,93303,3943200.0
578,578,578,2021-09-25,4188604,93365,3951034.0
579,579,579,2021-09-26,4196378,93393,3958867.0
580,580,580,2021-09-27,4199400,93403,3966700.0
581,581,581,2021-09-28,4203571,93504,3978200.0
582,582,582,2021-09-29,4215351,93571,3989700.0
583,583,583,2021-09-30,4227501,93638,4000100.0
584,584,584,2021-10-01,4237619,93711,4010100.0
585,585,585,2021-10-02,4246136,93777,4017534.0
586,586,586,2021-10-03,4252300,93786,4024967.0
587,587,587,2021-10-04,4255388,93793,4032400.0
588,588,588,2021-10-05,4260187,93883,4043400.0
589,589,589,2021-10-06,4271734,93959,4054600.0
590,590,590,2021-10-07,4283378,94027,4064600.0
591,591,591,2021-10-08,4293807,94113,4074300.0
592,592,592,2021-10-09,4302661,94178,4081500.0
593,593,593,2021-10-10,4310273,94202,4088700.0
594,594,594,2021-10-11,4313384,94209,4095900.0
595,595,595,2021-10-12,4318355,94297,4106300.0
596,596,596,2021-10-13,4330258,94389,4116400.0
597,597,597,2021-10-14,4342640,94461,4125100.0
598,598,598,2021-10-15,4354158,94526,4134100.0
599,599,599,2021-10-16,4365107,94601,4141067.0
600,600,600,2021-10-17,4373789,94618,4148034.0
601,601,601,2021-10-18,4377845,94628,4155000.0
602,602,602,2021-10-19,4384616,94716,4164600.0
603,603,603,2021-10-20,4401631,94808,4174400.0
604,604,604,2021-10-21,4417708,94875,4182800.0
605,605,605,2021-10-22,4437280,94991,4192000.0
606,606,606,2021-10-23,4452425,95077,4199734.0
607,607,607,2021-10-24,4466157,95100,4207467.0
608,608,608,2021-10-25,4472730,95117,4215200.0
609,609,609,2021-10-26,4483203,95245,4225900.0
610,610,610,2021-10-27,4506415,95359,4237100.0
611,611,611,2021-10-28,4534452,95485,4247000.0
612,612,612,2021-10-29,4559120,95606,4257800.0
613,613,613,2021-10-30,4580663,95696,4267500.0
614,614,614,2021-10-31,4597550,95729,4277200.0
615,615,615,2021-11-01,4607208,95752,4286900.0
616,616,616,2021-11-02,4618021,95833,4300600.0
617,617,617,2021-11-03,4638419,96027,4315100.0
618,618,618,2021-11-04,4672368,96192,4328400.0
619,619,619,2021-11-05,4709488,96346,4342600.0
620,620,620,2021-11-06,4743490,96488,4355067.0
621,621,621,2021-11-07,4767033,96525,4367534.0
622,622,622,2021-11-08,4782546,96558,4380000.0
623,623,623,2021-11-09,4804378,96727,4397600.0
624,624,624,2021-11-10,4844054,96963,4415900.0
625,625,625,2021-11-11,4894250,97198,4415900.0
626,626,626,2021-11-12,4942890,97389,4450200.0
627,627,627,2021-11-13,4987971,97617,4464900.0
628,628,628,2021-11-14,5021469,97672,4479600.0
629,629,629,2021-11-15,5045076,97715,4494300.0
630,630,630,2021-11-16,5077124,97980,4516000.0
631,631,631,2021-11-17,5129950,98274,4540900.0
632,632,632,2021-11-18,5195321,98538,4564200.0
633,633,633,2021-11-19,5248291,98739,4588200.0
634,634,634,2021-11-20,5312215,98987,4608567.0
635,635,635,2021-11-21,5354942,99062,4628934.0
636,636,636,2021-11-22,5385585,99124,4649300.0
637,637,637,2021-11-23,5430911,99433,4680000.0
638,638,638,2021-11-24,5497795,99768,4712900.0
639,639,639,2021-11-25,5573756,100119,4744400.0
640,640,640,2021-11-26,5650170,100476,4775300.0
641,641,641,2021-11-27,5717295,100779,4801134.0
642,642,642,2021-11-28,5761696,100883,4826967.0
643,643,643,2021-11-29,5791060,100956,4852800.0
644,644,644,2021-11-30,5836813,101344,4893300.0
645,645,645,2021-12-01,5903999,101790,4937600.0
646,646,646,2021-12-02,5977208,102178,4979700.0
647,647,647,2021-12-03,6051560,102568,5023200.0
648,648,648,2021-12-04,6116070,102946,5055500.0
649,649,649,2021-12-05,6158125,103040,5087800.0
650,650,650,2021-12-06,6185961,103121,5120100.0
651,651,651,2021-12-07,6222020,103520,5170400.0
652,652,652,2021-12-08,6291621,104047,5225800.0
653,653,653,2021-12-09,6362232,104512,5278300.0
654,654,654,2021-12-10,6423520,104996,5329300.0
655,655,655,2021-12-11,6477217,105506,5364767.0
656,656,656,2021-12-12,6509863,105638,5400234.0
657,657,657,2021-12-13,6531606,105754,5435700.0
658,658,658,2021-12-14,6562429,106227,5497300.0
659,659,659,2021-12-15,6613730,106680,5559700.0
660,660,660,2021-12-16,6670407,107202,5618600.0
661,661,661,2021-12-17,6721375,107639,5679400.0
662,662,662,2021-12-18,6764188,108053,5720067.0
663,663,663,2021-12-19,6793536,108233,5760734.0
664,664,664,2021-12-20,6809622,108352,5801400.0
665,665,665,2021-12-21,6833050,108814,5866900.0
666,666,666,2021-12-22,6878709,109324,5933400.0
667,667,667,2021-12-23,6923636,109749,5992800.0
668,668,668,2021-12-24,6959067,110119,6033725.0
669,669,669,2021-12-25,6981281,110276,6074650.0
670,670,670,2021-12-26,6991381,110364,6115575.0
671,671,671,2021-12-27,7005289,110433,6156500.0
672,672,672,2021-12-28,7026369,110805,6217800.0
673,673,673,2021-12-29,7066412,111219,6277400.0
674,674,674,2021-12-30,7109182,111602,6332300.0
675,675,675,2021-12-31,7150422,111925,6372220.0
676,676,676,2022-01-01,7176814,112109,6412140.0
677,677,677,2022-01-02,7189329,112155,6452060.0
678,678,678,2022-01-03,7207847,112223,6491980.0
679,679,679,2022-01-04,7238408,112579,6531900.0
680,680,680,2022-01-05,7297320,112925,6581800.0
681,681,681,2022-01-06,7361660,113368,6626500.0
682,682,682,2022-01-07,7417995,113632,6664800.0
683,683,683,2022-01-08,7473884,113900,6691567.0
684,684,684,2022-01-09,7510436,113977,6718334.0
685,685,685,2022-01-10,7535691,114029,6745100.0
686,686,686,2022-01-11,7581381,114351,6792300.0
687,687,687,2022-01-12,7661811,114735,6836600.0
688,688,688,2022-01-13,7743228,115051,6878100.0
689,689,689,2022-01-14,7835451,115337,6914700.0
690,690,690,2022-01-15,7913473,115572,6943134.0
691,691,691,2022-01-16,7965977,115619,6971567.0
692,692,692,2022-01-17,8000122,115649,7000000.0
693,693,693,2022-01-18,8074527,115842,7050100.0
694,694,694,2022-01-19,8186850,116081,7098400.0
695,695,695,2022-01-20,8320386,116315,7139800.0
696,696,696,2022-01-21,8460546,116485,7178000.0
697,697,697,2022-01-22,8596007,116664,7209700.0
698,698,698,2022-01-23,8681447,116718,7241400.0
699,699,699,2022-01-24,8744840,116746,7273100.0
700,700,700,2022-01-25,8871795,116960,7331200.0
701,701,701,2022-01-26,9035795,117126,7387800.0
702,702,702,2022-01-27,9238931,117314,7443300.0
703,703,703,2022-01-28,9429079,117484,7494200.0
704,704,704,2022-01-29,9618245,117666,7536934.0
705,705,705,2022-01-30,9737215,117725,7579667.0
706,706,706,2022-01-31,9815533,117786,7622400.0
707,707,707,2022-02-01,9978146,117974,7705000.0
708,708,708,2022-02-02,10186644,118170,7789600.0
709,709,709,2022-02-03,10422764,118334,7869200.0
710,710,710,2022-02-04,10671602,118504,7953200.0
711,711,711,2022-02-05,10889417,118676,8016167.0
712,712,712,2022-02-06,11022590,118717,8079134.0
713,713,713,2022-02-07,11117857,118766,8142100.0
714,714,714,2022-02-08,11287428,118943,8257400.0
715,715,715,2022-02-09,11521678,119215,8373900.0
716,716,716,2022-02-10,11769540,119453,8487100.0
717,717,717,2022-02-11,12009712,119679,8597300.0
718,718,718,2022-02-12,12219501,119877,8677800.0
719,719,719,2022-02-13,12344661,119935,8758300.0
720,720,720,2022-02-14,12421126,119977,8838800.0
721,721,721,2022-02-15,12580343,120220,8989100.0
722,722,722,2022-02-16,12800315,120467,9153100.0
723,723,723,2022-02-17,13035941,120728,9320700.0
724,724,724,2022-02-18,13255989,120992,9484400.0
725,725,725,2022-02-19,13445094,121202,9599367.0
726,726,726,2022-02-20,13563126,121275,9714334.0
727,727,727,2022-02-21,13636993,121297,9829300.0
728,728,728,2022-02-22,13762895,121603,10031200.0
729,729,729,2022-02-23,13971947,121902,10234100.0
730,730,730,2022-02-24,14188269,122145,10435800.0
731,731,731,2022-02-25,14399012,122371,10629300.0
732,732,732,2022-02-26,14574845,122621,10756434.0
733,733,733,2022-02-27,14682758,122678,10883567.0
734,734,734,2022-02-28,14745107,122702,11010700.0
735,735,735,2022-03-01,14867218,122937,11239600.0
736,736,736,2022-03-02,15053624,123238,11470300.0
737,737,737,2022-03-03,15264297,123505,11696600.0
738,738,738,2022-03-04,15481890,123796,11898500.0
739,739,739,2022-03-05,15674100,124051,12028300.0
740,740,740,2022-03-06,15790989,124102,12158100.0
741,741,741,2022-03-07,15869417,124126,12287900.0
742,742,742,2022-03-08,16026216,124450,12520800.0
743,743,743,2022-03-09,16242070,124764,12753700.0
744,744,744,2022-03-10,16504822,125023,12963800.0
745,745,745,2022-03-11,16757658,125272,13153300.0
746,746,746,2022-03-12,16994744,125521,13269334.0
747,747,747,2022-03-13,17141351,125571,13385367.0
748,748,748,2022-03-14,17233729,125590,13501400.0
749,749,749,2022-03-15,17432617,125873,13714200.0
750,750,750,2022-03-16,17695210,126142,13931900.0
751,751,751,2022-03-17,17990141,126420,14142500.0
752,752,752,2022-03-18,18287986,126646,14323500.0
753,753,753,2022-03-19,18548225,126867,14442567.0
754,754,754,2022-03-20,18680017,126916,14561634.0
755,755,755,2022-03-21,18772331,126929,14680700.0
756,756,756,2022-03-22,18994411,127193,14904100.0
757,757,757,2022-03-23,19278143,127522,15121100.0
758,758,758,2022-03-24,19596530,127822,15329000.0
759,759,759,2022-03-25,19893028,128110,15518700.0
760,760,760,2022-03-26,20145054,128388,15636934.0
761,761,761,2022-03-27,20256278,128437,15755167.0
762,762,762,2022-03-28,20323779,128457,15873400.0
763,763,763,2022-03-29,20561131,128764,16092900.0
764,764,764,2022-03-30,20829608,129112,16319700.0
765,765,765,2022-03-31,21357095,129708,16546900.0
766,766,766,2022-04-01,21357039,129695,16754000.0
767,767,767,2022-04-02,21553495,129987,16888200.0
768,768,768,2022-04-03,21668677,130052,17022400.0
769,769,769,2022-04-04,21668677,130052,17156600.0
770,770,770,2022-04-05,21849074,130368,17407700.0
771,771,771,2022-04-06,22265788,131036,17675700.0
772,772,772,2022-04-07,22441051,131370,17930900.0
773,773,773,2022-04-08,22591726,131679,18168200.0
774,774,774,2022-04-09,22647197,131715,18318267.0
775,775,775,2022-04-10,22677986,131728,18468334.0
776,776,776,2022-04-11,22878428,132017,18618400.0
777,777,777,2022-04-12,23017079,132378,18893100.0
778,778,778,2022-04-13,23182447,132688,19179300.0
779,779,779,2022-04-14,23339311,132900,19444600.0
780,780,780,2022-04-15,23376879,132929,19625260.0
781,781,781,2022-04-16,23416663,132942,19805920.0
782,782,782,2022-04-17,23437145,132953,19986580.0
783,783,783,2022-04-18,23459628,132960,20167240.0
784,784,784,2022-04-19,23658211,133308,20347900.0
785,785,785,2022-04-20,23844536,133632,20609400.0
786,786,786,2022-04-21,24006254,133921,20853100.0
787,787,787,2022-04-22,24141333,134155,21058000.0
788,788,788,2022-04-23,24180512,134179,21180400.0
789,789,789,2022-04-24,24200596,134185,21302800.0
790,790,790,2022-04-25,24337394,134489,21425200.0
791,791,791,2022-04-26,24337394,134489,21665200.0
792,792,792,2022-04-27,24609159,135078,21885900.0
793,793,793,2022-04-28,24710769,135292,22088300.0
794,794,794,2022-04-29,24798067,135451,22227600.0
795,795,795,2022-04-30,24809785,135461,22308134.0
796,796,796,2022-05-01,24813817,135461,22388667.0
797,797,797,2022-05-02,24927339,135701,22469200.0
798,798,798,2022-05-03,25033970,135942,22658600.0
799,799,799,2022-05-04,25130137,136125,22841300.0
800,800,800,2022-05-05,25215210,136339,23000500.0
801,801,801,2022-05-06,25287462,136523,23135500.0
802,802,802,2022-05-07,25295950,136533,23214734.0
803,803,803,2022-05-08,25299300,136538,23293967.0
804,804,804,2022-05-09,25406868,136756,23373200.0
805,805,805,2022-05-10,25503878,136987,23536900.0
806,806,806,2022-05-11,25592839,137184,23676700.0
807,807,807,2022-05-12,25661838,137348,23804600.0
808,808,808,2022-05-13,25723697,137492,23875700.0
809,809,809,2022-05-14,25729848,137499,23921800.0
810,810,810,2022-05-15,25732153,137499,23967900.0
811,811,811,2022-05-16,25818405,137714,24014000.0
812,812,812,2022-05-17,25890456,137888,24155900.0
813,813,813,2022-05-18,25949175,138053,24299000.0
814,814,814,2022-05-19,25998085,138204,24425500.0
815,815,815,2022-05-20,26040460,138324,24526300.0
816,816,816,2022-05-21,26044283,138325,24587067.0
817,817,817,2022-05-22,26045528,138326,24647834.0
818,818,818,2022-05-23,26109965,138485,24708600.0
819,819,819,2022-05-24,26159106,138643,24832300.0
820,820,820,2022-05-25,26198811,138779,24932100.0
821,821,821,2022-05-26,26200663,138781,25009200.0
822,822,822,2022-05-27,26240639,138854,25086300.0
823,823,823,2022-05-28,26243352,138862,25129600.0
824,824,824,2022-05-29,26244107,138864,25172900.0
825,825,825,2022-05-30,26305996,139000,25216200.0
826,826,826,2022-05-31,26360953,139091,25311600.0
827,827,827,2022-06-01,26409455,139222,25391200.0
828,828,828,2022-06-02,26452148,139313,25459000.0
829,829,829,2022-06-03,26493235,139386,25515500.0
830,830,830,2022-06-04,26493235,139386,25560825.0
831,831,831,2022-06-05,26496611,139386,25606150.0
832,832,832,2022-06-06,26498361,139388,25651475.0
833,833,833,2022-06-07,26583016,139533,25696800.0
834,834,834,2022-06-08,26660652,139623,25759000.0
835,835,835,2022-06-09,26738530,139729,25803300.0
836,836,836,2022-06-10,26803867,139806,25850400.0
837,837,837,2022-06-11,26803867,139806,25880234.0
838,838,838,2022-06-12,26809245,139807,25910067.0
839,839,839,2022-06-13,26915085,139914,25939900.0
840,840,840,2022-06-14,27007429,140026,25999100.0
841,841,841,2022-06-15,27096571,140099,26049400.0
842,842,842,2022-06-16,27124689,140118,26091900.0
843,843,843,2022-06-17,27204953,140176,26132100.0
844,844,844,2022-06-18,27204955,140176,26153967.0
845,845,845,2022-06-19,27211896,140176,26175834.0
846,846,846,2022-06-20,27334993,140358,26197700.0
847,847,847,2022-06-21,27454225,140462,26253400.0
848,848,848,2022-06-22,27573585,140560,26306700.0
849,849,849,2022-06-23,27681775,140650,26340200.0
